"","sigId","name"
"1",1086,"Campaign for Working Families"
"2",1559,"Democrats for Life of America"
"3",1189,"Emily's List"
"4",2368,"Family Policy Alliance"
"5",1016,"NARAL Pro-Choice America"
"6",252,"National Right to Life Committee"
"7",1578,"Planned Parenthood Action Fund"
"8",1954,"Republican National Coalition for Life PAC"
"9",1946,"Susan B. Anthony List"
"10",1066,"Florida Alliance of Planned Parenthood Affiliates"
"11",963,"Florida Right to Life"
"12",2536,"Personhood Florida"
"13",1941,"Citizens for Traditional Values"
"14",35,"NARAL Pro-Choice Michigan"
"15",492,"Planned Parenthood Advocates of Michigan"
"16",697,"Right to Life of Michigan"
"17",1177,"Missouri Right to Life"
"18",601,"NARAL Pro-Choice Missouri"
"19",2529,"Planned Parenthood Advocates in Missouri"
"20",2087,"Planned Parenthood Advocates of Montana"
"21",1948,"Idaho Chooses Life"
"22",2468,"Planned Parenthood Votes Northwest and Hawaii"
"23",5,"Georgia Right to Life"
"24",1230,"Planned Parenthood of Georgia"
"25",2466,"Planned Parenthood Votes Northwest and Hawaii"
"26",1033,"Indiana Right to Life"
"27",357,"Planned Parenthood of Indiana"
"28",1133,"Minnesota Citizens Concerned for Life"
"29",1397,"NARAL Pro-Choice Minnesota"
"30",1109,"Planned Parenthood of Minnesota Advocate"
"31",1647,"NARAL Pro-Choice Connecticut"
"32",2457,"Planned Parenthood Votes! Connecticut"
"33",1529,"Planned Parenthood Advocacy Fund of Delaware"
"34",835,"Iowa Right to Life Committee"
"35",2303,"Planned Parenthood Voters of Iowa"
"36",1243,"Illinois Citizens for Life"
"37",2227,"Illinois Family Action"
"38",1264,"Illinois Federation for Right to Life"
"39",496,"Illinois NARAL"
"40",1097,"Planned Parenthood Illinois Action"
"41",1599,"Lillian's List of North Carolina"
"42",534,"NARAL Pro-Choice North Carolina"
"43",899,"Planned Parenthood Votes! South Atlantic"
"44",796,"New York State Right to Life Committee"
"45",2459,"Planned Parenthood Advocates of New York"
"46",869,"The Campaign for a Pro-Choice New York"
"47",779,"NARAL Pro-Choice Pennsylvania"
"48",2446,"Pennsylvania Pro-Life Federation"
"49",389,"Planned Parenthood Pennsylvania Advocates"
"50",736,"NARAL Pro-Choice Ohio"
"51",335,"Ohio Right to Life"
"52",2461,"Planned Parenthood Advocates of Ohio"
"53",618,"Alaska Right to Life"
"54",2467,"Planned Parenthood Votes Northwest and Hawaii"
"55",2456,"Planned Parenthood Voters of Arkansas"
"56",331,"California Abortion and Reproductive Rights League"
"57",1188,"California Pro-Life Council"
"58",353,"Life Priority Network"
"59",1004,"NARAL Pro-Choice California"
"60",224,"Planned Parenthood Affiliates of California"
"61",821,"Citizens for Responsible Government"
"62",923,"Colorado Right to Life"
"63",1142,"NARAL Pro-Choice Colorado"
"64",202,"Planned Parenthood Votes Colorado"
"65",238,"Kansans for Life"
"66",2463,"Planned Parenthood Great Plains Votes"
"67",41,"Arizona Right to Life"
"68",1433,"Center for Arizona Policy"
"69",91,"NARAL/Arizona Right to Choose"
"70",150,"Planned Parenthood Advocates of Arizona"
"71",937,"NARAL Pro-Choice Oregon"
"72",1422,"Planned Parenthood Advocates of Oregon"
"73",75,"North Dakota Right to Life"
"74",2462,"Planned Parenthood Votes! Rhode Island"
"75",2274,"Rhode Island Right to Life"
"76",1269,"NARAL Pro-Choice South Dakota"
"77",2425,"South Dakota Healthy Families"
"78",1602,"South Dakota Right to Life"
"79",1539,"NARAL Pro-Choice Texas"
"80",805,"Planned Parenthood Texas Votes"
"81",1653,"Texas Right to Life Committee"
"82",2581,"Tennessee Advocates for Planned Parenthood"
"83",2119,"Tennessee Right to Life Political Action Committee"
"84",2020,"Tennessee Right to Life (RTL)"
"85",2064,"Planned Parenthood Action Council of Utah"
"86",2041,"West Virginia FREE"
"87",133,"West Virginians for Life, Incorporated"
"88",1595,"NARAL Pro-Choice Wyoming"
"89",2398,"Right to Life of Wyoming"
"90",2399,"Wyoming Family Coalition"
"91",1166,"NARAL Pro-Choice Wisconsin"
"92",638,"Planned Parenthood Advocates of Wisconsin"
"93",2292,"Pro-Life Wisconsin"
"94",1232,"Wisconsin Right to Life"
"95",2390,"Oklahomans for Life, Inc."
"96",2393,"Planned Parenthood Great Plains Votes"
"97",1325,"Nebraska Right to Life"
"98",563,"Planned Parenthood Voters of Nebraska"
"99",508,"Human Life of Washington"
"100",849,"NARAL Pro-Choice Washington"
"101",294,"Planned Parenthood Votes Northwest and Hawaii"
"102",188,"NARAL Pro-Choice New Hampshire"
"103",342,"New Hampshire Right to Life"
"104",2365,"Planned Parenthood New Hampshire Action Fund"
"105",628,"Maine Right to Life Committee"
"106",1413,"Planned Parenthood Maine Action Fund"
"107",89,"Christian Coalition of Maryland"
"108",910,"Maryland Right to Life"
"109",160,"NARAL Pro-Choice Maryland"
"110",402,"Planned Parenthood Metropolitan Washington D.C Action Fund"
"111",1345,"NARAL Pro-Choice New Mexico"
"112",1482,"Planned Parenthood of New Mexico"
"113",1592,"Right to Life Committee of New Mexico"
"114",1195,"Massachusetts Citizens for Life"
"115",10,"NARAL Pro-Choice Massachusetts"
"116",646,"Planned Parenthood Advocacy Fund of Massachusetts"
"117",1490,"NARAL Pro-Choice Vermont"
"118",1426,"Planned Parenthood Vermont Action Fund"
"119",231,"Kentucky Right to Life"
"120",2549,"Planned Parenthood Advocates of Kentucky"
"121",1898,"Home School Legal Defense Association of Virginia PAC"
"122",380,"NARAL Pro-Choice Virginia"
"123",776,"Planned Parenthood Advocates of Virginia"
"124",2472,"Planned Parenthood Metropolitan Washington D.C Action Fund"
"125",33,"Virginia Society for Human Life"
"126",1511,"NARAL Pro-Choice New Jersey"
"127",2050,"New Jersey Right to Life"
"128",1881,"Planned Parenthood Action Fund of New Jersey"
"129",371,"Right to Choose"
"130",1036,"Mississippi Right to Life"
"131",1920,"Louisiana Right to Life Federation"
"132",866,"Planned Parenthood Gulf Coast Action"
"133",1488,"National Family Planning & Reproductive Health Association"
"134",1475,"National Organization for Women"
"135",412,"Population Action International"
"136",265,"Population Connection"
"137",131,"The Population Institute"
"138",1499,"Florida NARAL"
"139",2354,"Ruth's List Florida"
"140",2241,"MI List"
"141",952,"Missouri Progressive Vote Coalition"
"142",1112,"NARAL Pro-Choice Montana"
"143",2220,"Georgia's Win List"
"144",1014,"SPARK Reproductive Justice NOW (Georgians for Choice)"
"145",2248,"Womenwinning"
"146",511,"Family Planning Adovcates of New York State"
"147",2205,"Arizona Women's Political Caucus"
"148",2272,"Rhode Island NOW"
"149",2306,"South Carolina Citizens for Life"
"150",565,"Family Planning Association of Maine"
"151",2304,"Nevada Advocates for Planned Parenthood Affiliates"
"152",2254,"Nevada Right to Life PAC"
"153",744,"Kentucky Reproductive Freedom League"
"154",1601,"Family Planning Advocates of New Jersey"
"155",1211,"American Coalition for Ethanol"
"156",611,"American Farm Bureau Federation"
"157",1789,"Associated Equipment Distributors"
"158",2171,"Food Policy Action"
"159",1811,"Grassroots Netroots Alliance"
"160",684,"National Association of Wheat Growers"
"161",1705,"National Council of Agricultural Employers"
"162",568,"National Farmers Organization"
"163",1120,"National Farmers Union"
"164",2056,"United Farm Workers of America"
"165",1762,"United Fresh Produce Association"
"166",1184,"Vote Hemp"
"167",1527,"Michigan Farm Bureau"
"168",1196,"Missouri Farm Bureau Federation"
"169",1771,"Montana League of Rural Voters"
"170",1301,"Montana Stockgrowers Association"
"171",1163,"Montana Wool Growers Association"
"172",2385,"Idaho Farm Bureau Federation"
"173",729,"Citizens Action Coalition of Indiana"
"174",593,"Minnesota Farm Bureau"
"175",2120,"Iowa Corn Growers Association"
"176",268,"Illinois Farm Bureau"
"177",602,"Ohio Farm Bureau Federation"
"178",220,"California Farm Bureau Federation"
"179",1608,"Colorado Farm Bureau"
"180",827,"Kansas Farm Bureau"
"181",1127,"Arizona Cattlemen's Association"
"182",1194,"AG-PAC"
"183",1589,"Oregon Farm Bureau"
"184",2202,"Alabama Farmers Federation"
"185",2587,"Alabama Grocers Association"
"186",1973,"North Dakota Farm Bureau"
"187",742,"North Dakota Farmers Union"
"188",1372,"South Dakota Farmers Union"
"189",1562,"Texas Farm Bureau Federation"
"190",21,"West Virginia Farm Bureau"
"191",2564,"Wisconsin Corn Growers Association"
"192",1159,"Wisconsin Farm Bureau"
"193",2395,"Oklahoma Farm Bureau Federation"
"194",341,"Nebraska Farm Bureau"
"195",939,"Nebraska Farmers Union - NEBFARMPAC"
"196",533,"Nebraska Friends of the Constitution"
"197",1201,"Washington Farm Bureau"
"198",1350,"Virginia Farm Bureau Federation"
"199",2377,"Mississippi Farm Bureau Federation"
"200",1263,"American Humane Association"
"201",324,"American Society for the Prevention of Cruelty to Animals"
"202",2031,"American Veterinary Medical Association"
"203",1081,"American Wilderness Coalition"
"204",1574,"Animal Welfare Institute"
"205",1704,"Big Cat Rescue"
"206",57,"Born Free USA"
"207",109,"Defenders of Wildlife Action Fund"
"208",644,"Doris Day Animal League"
"209",674,"Humane Society Legislative Fund"
"210",1612,"Humane USA PAC"
"211",1742,"National Animal Interest Alliance Trust"
"212",1916,"Ocean Champions"
"213",657,"Sierra Club"
"214",1221,"Sportsmen's and Animal Owners' Voting Alliance"
"215",2060,"Western Organization of Resource Councils"
"216",615,"Unified Sportsmen of Florida"
"217",894,"Montana Audubon"
"218",2305,"Montana Sportsmen Alliance"
"219",906,"Idaho Conservation League"
"220",1111,"Voters for Outdoor Idaho"
"221",372,"Indiana Society for the Prevention of Cruelty to Animals"
"222",2006,"Minnesota Voters for Animal Protection"
"223",1282,"Animal Advocacy Connecticut"
"224",129,"Coalition of Connecticut Sportsmen"
"225",1657,"Humane Society of New York"
"226",2018,"League of Humane Voters of New York City"
"227",2359,"The League of Humane Voters of New York"
"228",2215,"Humane PA"
"229",466,"PawPAC - Californias Political Action Committee for Animals"
"230",1278,"Colorado Humane Voters League"
"231",28,"Colorado State Shooting Association"
"232",2320,"Colorado Voters for Animals"
"233",1794,"Humane Voters of Arizona"
"234",155,"Sierra Club, Grand Canyon Chapter"
"235",1828,"Humane USA- Oregon"
"236",2127,"Oregon Humane Society"
"237",1295,"Nodak Outdoors"
"238",301,"Environmental Council of Rhode Island"
"239",2507,"Texas Humane Legislation Network"
"240",2081,"Texas Humane Society Legislative Fund"
"241",82,"Utah Progressive Network Education Fund"
"242",2530,"League of Humane Voters of Wisconsin"
"243",1926,"Wisconsin Voters for Companion Animals"
"244",1995,"League of Humane Voters Washington"
"245",558,"PAC Animals of Washington"
"246",786,"Maryland Humane Society"
"247",2093,"Maryland Votes for Animals"
"248",771,"Animal Protection Voters"
"249",422,"New Mexico Shooting Sports Association"
"250",1829,"Massachusetts Humane Society"
"251",1204,"Massachusetts Society for the Prevention of Cruelty to Animals"
"252",1569,"Virginia Hunting Dog Alliance"
"253",1885,"New Jersey Outdoor Alliance"
"254",1745,"Humane Society Legislative Fund-Louisiana"
"255",2381,"Sierra Club Delta Chapter"
"256",766,"American Library Association"
"257",1425,"Americans for the Arts Action Fund"
"258",2492,"International Alliance of Theatrical Stage Employees"
"259",1868,"National Journal"
"260",2553,"National Parks Action Fund"
"261",1060,"National Trust for Historic Preservation"
"262",2562,"Outdoor Industry Association Political Action Committee"
"263",2217,"Florida Attractions CCE"
"264",2435,"Unite Here"
"265",1143,"California Park & Recreation Society"
"266",1875,"Capitol Weekly"
"267",62,"Kentucky Forward"
"268",2074,"American Council of Engineering Companies"
"269",22,"American Forest and Paper Association"
"270",1792,"American Society of Landscape Architects"
"271",834,"Associated Builders & Contractors"
"272",503,"Associated General Contractors of America"
"273",747,"Business-Industry Political Action Committee"
"274",1780,"CompTIA"
"275",1665,"Consumer Action"
"276",1316,"Consumer Federation of America"
"277",2026,"Independent Electrical Contractors"
"278",758,"International Sleep Products Association"
"279",1695,"International Warehouse Logistics Association"
"280",914,"Maryland Business for Responsive Government"
"281",2413,"Metals Service Center Institute"
"282",679,"National Association for the Self-Employed"
"283",138,"National Association of Government Contractors"
"284",504,"National Association of Manufacturers"
"285",230,"National Electrical Contractors Association"
"286",933,"National Federation of Independent Business"
"287",351,"National Ready Mixed Concrete Association"
"288",1340,"National Restaurant Association"
"289",471,"National Retail Federation"
"290",1501,"National Small Business Association"
"291",989,"National Stone, Sand & Gravel Association"
"292",2555,"Plug in America"
"293",794,"Plumbing-Heating-Cooling Contractors Association"
"294",1461,"Public Citizen's Congress Watch"
"295",1294,"Small Business & Entrepreneurship Council"
"296",205,"State PIRGs Working Together"
"297",1788,"The National Lumber and Building Material Dealers Association"
"298",1215,"United States Business and Industry Council"
"299",755,"United States Chamber of Commerce"
"300",2516,"United States Hispanic Chamber of Commerce"
"301",361,"United States Public Interest Research Group"
"302",1286,"Associated Builders and Contractors"
"303",848,"Associated Industries of Florida"
"304",607,"Florida Chamber of Commerce"
"305",528,"Florida National Federation of Independent Business"
"306",2537,"Florida Retail Federation"
"307",2002,"League of Southeastern Credit Unions"
"308",2357,"Associated Builders and Contractors of Michigan"
"309",431,"Michigan Chamber of Commerce"
"310",653,"Michigan National Federation of Independent Business"
"311",1939,"Small Business Association of Michigan"
"312",2146,"Associated Industries of Missouri"
"313",897,"Greater Kansas City Chamber of Commerce"
"314",1063,"Missouri Chamber of Commerce and Industry"
"315",1357,"Missouri Chamber of Commerce and Industry - Senate"
"316",1051,"Missouri National Federation of Independent Business"
"317",993,"Montana Chamber of Commerce"
"318",2140,"Montana Contractors' Association"
"319",1629,"Montana National Federation of Independent Business"
"320",455,"Montana Public Interest Research Group"
"321",2102,"Southwest Montana Building Industry Association"
"322",1784,"Boise Metro Chamber of Commerce"
"323",820,"Idaho Association of Commerce & Industry"
"324",1040,"Idaho National Federation of Independent Business"
"325",2443,"Forsyth Citizens for Responsible Growth"
"326",760,"Georgia Chamber of Commerce"
"327",1618,"Georgia National Federation of Independent Business"
"328",1561,"Hawaii National Federation of Independent Business"
"329",1169,"Paychecks Hawaii (Smart Business Hawaii)"
"330",393,"Indiana Associated Builders and Contractors"
"331",457,"Indiana Chamber of Commerce"
"332",1786,"Indiana Manufacturers Association"
"333",662,"Indiana National Federation of Independent Business"
"334",266,"Minnesota Chamber of Commerce"
"335",1661,"Minnesota National Federation of Independent Business"
"336",1185,"Connecticut Business and Industry Association"
"337",1391,"Connecticut Citizen Action Group"
"338",964,"Connecticut National Federation of Independent Business"
"339",409,"Connecticut Public Interest Research Group"
"340",540,"Delaware National Federation of Independent Business"
"341",1999,"Delaware State Chamber of Commerce"
"342",2000,"Positive Growth Alliance"
"343",474,"Iowa Association of Business and Industry"
"344",363,"Iowa National Federation of Independent Business"
"345",844,"Illinois Chamber of Commerce"
"346",1047,"Illinois National Federation of Independent Business"
"347",209,"Illinois Public Interest Research Group"
"348",804,"North Carolina National Federation of Independent Business"
"349",624,"Business Council of New York State, Incorporated"
"350",1369,"New York National Federation of Independent Business"
"351",1953,"Unshackle Upstate"
"352",1307,"Pennsylvania Chamber of Business and Industry"
"353",903,"Pennsylvania National Federation of Independent Business"
"354",2180,"Innovation Ohio"
"355",1731,"Ohio Business Votes"
"356",68,"Ohio Chamber of Commerce"
"357",1573,"Ohio National Federation of Independent Business"
"358",1287,"Ohio Taxpayers Association"
"359",1565,"United Conservatives of Ohio"
"360",1988,"Alaska Business Report Card"
"361",356,"Alaska National Federation of Independent Business"
"362",689,"Alaska State Chamber of Commerce"
"363",2160,"Associated Builders and Contractors of Alaska"
"364",2315,"Advance Arkansas Institute, Conduit for Commerce"
"365",1244,"Arkansas National Federation of Independent Business"
"366",2575,"Conduit for Commerce"
"367",1448,"Alliance for Better Business"
"368",1019,"California Chamber of Commerce"
"369",421,"California Federation of Business and Professional Women"
"370",476,"California Manufacturers and Technology Association"
"371",84,"California National Federation of Independent Business"
"372",1025,"California Public Interest Research Group"
"373",637,"Consumer Federation of California"
"374",1101,"Silicon Valley Leadership Group"
"375",1218,"Associated Builders and Contractors"
"376",1352,"Colorado National Federation of Independent Business"
"377",297,"Colorado Public Interest Research Group"
"378",1874,"Denver Metro Chamber of Commerce"
"379",1514,"Kansas Chamber of Commerce and Industry"
"380",1290,"Kansas National Federation of Independent Business"
"381",1633,"Americans for Prosperity - Arizona Chapter"
"382",1054,"Arizona Chamber of Commerce"
"383",259,"Arizona Contractors Association"
"384",2088,"Arizona Economic Development Practitioners"
"385",2,"Arizona National Federation of Independent Business"
"386",2078,"Arizona Small Business Association"
"387",2351,"Associated General Contractors"
"388",519,"United for Arizona"
"389",196,"Associated Oregon Industries"
"390",683,"Oregonians for Food and Shelter"
"391",1622,"Oregon National Federation of Independent Business"
"392",608,"Alabama National Federation of Independent Business"
"393",2586,"Business Council of Alabama"
"394",1991,"League of Southeastern Credit Unions"
"395",901,"Greater North Dakota Chamber of Commerce"
"396",237,"North Dakota National Federation of Independent Business"
"397",211,"Rhode Island National Federation of Independent Business"
"398",487,"South Carolina Business and Industry Political Education Committee"
"399",494,"South Carolina Chamber of Commerce"
"400",459,"South Carolina National Federation of Independent Business"
"401",1538,"South Dakota National Federation of Independent Business"
"402",1039,"Heritage Alliance"
"403",1540,"Texas Association of Business"
"404",278,"Texas National Federation of Independent Business"
"405",2079,"Texas Watch"
"406",2423,"Tennessee Chamber of Commerce and Industry"
"407",734,"Tennessee National Federation of Independent Business"
"408",919,"Utah Association of REALTORS®"
"409",1473,"Utah National Federation of Independent Business"
"410",2048,"Charleston Regional Chamber of Commerce"
"411",2037,"West Virginia Business & Industry Council"
"412",2043,"West Virginia Chamber of Commerce"
"413",2042,"West Virginia Coal Association"
"414",1596,"West Virginia National Federation of Independent Business"
"415",532,"Wyoming National Federation of Independent Business"
"416",687,"Wyoming Prosperity Project"
"417",2091,"Green Bay Area Chamber of Commerce"
"418",985,"Metropolitan Milwaukee Association of Commerce"
"419",1621,"Wisconsin Manufacturers and Commerce"
"420",600,"Wisconsin National Federation of Independent Business"
"421",2311,"American Council of Engineering Companies Oklahoma"
"422",1741,"Oklahoma Center for Consumer and Patient Safety"
"423",135,"Oklahoma National Federation of Independent Business"
"424",1915,"OKWatchdog"
"425",1080,"Research Institute for Economic Development"
"426",2396,"State Chamber of Oklahoma"
"427",2097,"Nebraska Chamber of Commerce & Industry"
"428",1366,"Nebraska National Federation of Independent Business"
"429",2312,"American Council of Engineering Companies of Washington"
"430",2358,"Associated General Contractors of Washington"
"431",234,"Association of Washington Business"
"432",1299,"Building Industry Association of Washington"
"433",1630,"JobMakers"
"434",1108,"Washington National Federation of Independent Business"
"435",523,"Washington Public Interest Research Group"
"436",2075,"Americans for Prosperity Foundation - New Hampshire"
"437",1921,"Business and Industry Association"
"438",2012,"New Hampshire Lodging & Restaurant Association"
"439",1759,"New Hampshire National Federation of Independent Business"
"440",1179,"New Hampshire Public Interest Research Group"
"441",1503,"Maine Economic Research Institute"
"442",1048,"Maine National Federation of Independent Business"
"443",515,"Maryland Business for Responsive Government"
"444",2003,"Maryland Consumer Rights Coalition"
"445",920,"Maryland National Federation of Independent Business"
"446",2092,"Restaurant Association of Maryland"
"447",685,"Association of Commerce and Industry of New Mexico"
"448",1030,"New Mexico National Federation of Independent Business"
"449",1785,"New Mexico Prosperity Project"
"450",193,"Nevada National Federation of Independent Business"
"451",1782,"Nevada Prosperity Project"
"452",2036,"Reno Sparks Chamber of Commerce"
"453",1846,"Associated Industries of Massachusetts"
"454",1228,"Massachusetts National Federation of Independent Business"
"455",2094,"Vermont Businesses for Social Responsibility"
"456",728,"Vermont Chamber of Commerce"
"457",612,"Vermont National Federation of Independent Business"
"458",1400,"Kentucky Chamber of Commerce"
"459",1740,"Kentucky Club for Growth"
"460",1556,"Kentucky National Federation of Independent Business"
"461",2601,"Associated Builders and Contractors - Virginia Chapter"
"462",2049,"Fairfax County Chamber of Commerce"
"463",1900,"Hampton Roads Business PAC"
"464",2597,"Northern Virginia Chamber of Commerce"
"465",1892,"Virginia Association of Realtors"
"466",702,"Virginia Chamber of Commerce"
"467",484,"Virginia FREE"
"468",1507,"Virginia National Federation of Independent Business"
"469",2600,"Virginia Retail Merchants Association"
"470",1890,"Commerce and Industry Association of New Jersey"
"471",531,"New Jersey Chamber of Commerce"
"472",323,"New Jersey National Federation of Independent Business"
"473",564,"New Jersey Organization for a Better State (NEW JOBS)"
"474",1883,"New Jersey Restaurant Association"
"475",1216,"Business & Industry Political Education Committee"
"476",732,"Mississippi National Federation of Independent Business"
"477",1119,"Louisiana Association of Business and Industry (LABI)"
"478",1100,"Louisiana National Federation of Independent Business"
"479",2532,"AAPI Victory Fund"
"480",1509,"Arab American Institute"
"481",2512,"CHC BOLD PAC"
"482",935,"Common Cause"
"483",2505,"Congressional Black Caucus PAC"
"484",2550,"Emerge USA PAC"
"485",2515,"Equality PAC"
"486",2589,"Every Voice"
"487",2504,"Latino Victory Project"
"488",2055,"MoveOn.org Political Action"
"489",1654,"National Women's Political Caucus"
"490",1911,"Right March"
"491",2155,"Term Limits America Political Action Committee"
"492",1910,"Women's Campaign Fund"
"493",2510,"Iowa Citizens for Community Improvement Action Fund"
"494",1170,"Independent Voters of Illinois"
"495",1769,"North Carolina Voters for Clean Elections"
"496",2525,"California Clean Money Action"
"497",1136,"Arizona League of Conservation Voters"
"498",1288,"Rhode Island Common Cause"
"499",1,"Mass Voters for Clean Elections"
"500",2590,"Virginia's List"
"501",1378,"American Civil Liberties Union"
"502",2511,"America's Opportunity Fund"
"503",2321,"Asian American Action Fund"
"504",318,"Campaign for a Color Blind America"
"505",1419,"Center for International Policy"
"506",750,"Drum Major Institute"
"507",2418,"EarthRights International"
"508",437,"Friends Committee on National Legislation"
"509",2136,"Global Exchange"
"510",2322,"Hispanic Federation, LCLAA, LULAC, Mi Familia Vota, NCLR, and Voto Latino"
"511",1256,"Human Rights Campaign"
"512",169,"Leadership Conference on Civil and Human Rights"
"513",1059,"League of United Latin American Citizens"
"514",1833,"League of Women Voters"
"515",2409,"Liberty for All"
"516",2404,"Liberty Guard"
"517",893,"National Association for the Advancement of Colored People (NAACP)"
"518",545,"National Gay & Lesbian Task Force"
"519",2024,"National Religious Campaign Against Torture Action Fund"
"520",846,"People for the American Way"
"521",1764,"PFLAG, Parents, Families and Friends of Lesbians and Gays"
"522",1816,"Race Forward (formerly known as Applied Research Center)"
"523",2401,"Stand Against Spying"
"524",1692,"The Arc"
"525",956,"UnidosUS (formerly known as National Council of La Raza)"
"526",1292,"United To End Genocide (formerly known as the Save Darfur Coalition and Genocide Intervention Network)"
"527",2403,"Venn Institute"
"528",1913,"South Florida 9-12"
"529",613,"America Civil Liberties Union of Michigan"
"530",1337,"Equality Michigan"
"531",343,"Gay and Lesbian Victory Fund and Leadership Institute"
"532",1606,"Pride Source"
"533",811,"Triangle Pride PAC"
"534",667,"American Civil Liberties Union of Missouri (formerly American Civil Liberties Union of Eastern Missouri)"
"535",1302,"Gay and Lesbian Victory Fund and Leadership Institute"
"536",39,"Privacy Rights Education Project"
"537",1322,"PROMO- For the Personal Rights of Missourians"
"538",1346,"Montana Human Rights Network"
"539",876,"Gay and Lesbian Victory Fund and Leadership Institute"
"540",1770,"Idaho State Independent Living Council"
"541",1305,"Idaho Women's Network"
"542",1306,"Gay and Lesbian Victory Fund and Leadership Institute"
"543",1024,"Georgia Equality"
"544",377,"American Civil Liberties Union of Indiana"
"545",841,"Gay and Lesbian Victory Fund and Leadership Institute"
"546",2490,"Liberty Minnesota"
"547",1479,"OutFront Minnesota"
"548",1727,"Stonewall DFL"
"549",1774,"Voices for Racial Justice"
"550",228,"Gay and Lesbian Victory Fund and Leadership Institute"
"551",1634,"Delaware Liberty Fund"
"552",267,"American Civil Liberties Union of Iowa"
"553",1021,"Citizen Action Illinois"
"554",262,"Equality Illinois"
"555",1277,"Illinois Civil Justice League"
"556",383,"American Civil Liberties Union of North Carolina"
"557",296,"Empire State Pride Agenda"
"558",136,"Gay and Lesbian Victory Fund and Leadership Institute"
"559",2040,"Lambda Independent Democrats of Brooklyn"
"560",865,"New York Civil Liberties Union"
"561",1600,"Asian Americans for Civil Rights and Equality"
"562",2524,"California Civil Liberties Advocacy"
"563",589,"California Communities United Institute"
"564",947,"Gay & Lesbian Victory Fund and Leadership Institute"
"565",2212,"Honor PAC"
"566",2301,"Lambda Letters Project"
"567",338,"Race Forward"
"568",2083,"Republican Liberty Caucus of California"
"569",576,"ACLU of Colorado"
"570",627,"Equal Rights Colorado"
"571",159,"Gay and Lesbian Victory Fund and Leadership Institute"
"572",2521,"Principles of Liberty"
"573",1998,"Women's Lobby of Colorado"
"574",1830,"Border Action Network"
"575",1091,"Equality Arizona"
"576",359,"American Civil Liberties Union of Oregon"
"577",2080,"North Dakota Human Rights Coalition"
"578",1318,"Rhode Island ACLU"
"579",2502,"South Carolina Equality Coalition"
"580",246,"South Carolina Gay & Lesbian Pride Movement"
"581",1037,"Texas NAACP"
"582",490,"Equality Utah"
"583",1353,"Gay and Lesbian Victory Fund and Leadership Institute"
"584",2414,"Libertas Institute"
"585",1766,"ACLU of Wisconsin"
"586",1017,"Fair Wisconsin"
"587",1459,"American Civil Liberties Union of Washington"
"588",917,"Equal Rights Washington"
"589",1553,"First American Education Project"
"590",1468,"Seattle Metropolitan Elections Committee"
"591",1411,"New Hampshire Liberty Alliance"
"592",631,"Equality Maine"
"593",1394,"Gay and Lesbian Victory Fund and Leadership Institute"
"594",912,"Equality Maryland"
"595",1453,"American Civil Liberties Union of New Mexico"
"596",59,"Gay and Lesbian Victory Fund and Leadership Institute"
"597",1677,"Massachusetts Gay and Lesbian Political Caucus"
"598",1076,"Gay and Lesbian Victory Fund and Leadership Institute"
"599",365,"Vermont Fund for Families"
"600",1613,"Americans United for Separation of Church and State"
"601",1901,"disAbility Votes! PAC"
"602",958,"Equality Virginia"
"603",1899,"Ethiopian-Americans for Change"
"604",1880,"LGBT Democrats of Virginia"
"605",2602,"The Middle Resolution"
"606",1375,"New Jersey Lesbian and Gay Coalition"
"607",925,"Louisiana ACLU"
"608",255,"Louisiana Electorate of Gays and Lesbians, Inc."
"609",1046,"Citizens United for Rehabilitation of Errants"
"610",2407,"National Association of Police Organizations"
"611",1691,"National Criminal Justice Association"
"612",1964,"Central Florida Police Benevolent Association"
"613",1980,"Crime Victims United of California"
"614",1924,"Peace Officers Research Association of California"
"615",1402,"Arizona Domestic Violence Council"
"616",1423,"Arizona Police Association"
"617",1728,"Crime Victims United"
"618",2141,"Oregon Anti-Crime Alliance"
"619",280,"Texas Moratorium Network"
"620",1053,"Maine Women's Lobby"
"621",1903,"State Police Association of Massachusetts"
"622",1884,"New Jersey Crime Victims' Law Center"
"623",1888,"New Jersey Fraternal Order of Police"
"624",725,"Center for Security Policy"
"625",101,"Council for a Livable World"
"626",1974,"Keep America Safe"
"627",1975,"National Defense PAC"
"628",1957,"One Nation PAC"
"629",812,"Peace Action West"
"630",1972,"Senate Conservatives Fund"
"631",1936,"Voices for Creative Nonviolence"
"632",1197,"Women's Action for New Directions (WAND) and WILL"
"633",2482,"STAR PAC"
"634",1404,"Drug Policy Alliance Network"
"635",1703,"National Association for Addiction Professionals (formerly National Association of Alcohol and Drug Abuse Counselors)"
"636",225,"Illinois Churches in Action on Alcohol and Addiction Problems- ILLCAAAP"
"637",880,"Drug Policy Forum of California (DPFCA)"
"638",1983,"DrugSense"
"639",2337,"American Association of Colleges for Teacher Education"
"640",873,"American Federation of Teachers"
"641",668,"American Security Council Foundation"
"642",1810,"Association For Supervision and Curriculum Development"
"643",1933,"Home School Legal Defense Association"
"644",1015,"National Education Association"
"645",2487,"TeacherPAC"
"646",1757,"Teachers of English to Speakers of Other Languages (TESOL)"
"647",1848,"The American Hellenic Educational Progressive Association"
"648",2183,"The Center for Education Reform"
"649",2196,"The Network for Public Education"
"650",2538,"Florida Education Association"
"651",2077,"Foundation for Florida's Future"
"652",2082,"Fund Education Now"
"653",2188,"American Federation of Teachers - Michigan"
"654",436,"Missouri National Education Association"
"655",707,"Montana Education Association-Montana Federation of Teachers"
"656",2302,"Montana Public Education Center"
"657",583,"Georgia Association of Educators"
"658",1917,"Hawaii State Teachers Association"
"659",837,"Education Minnesota"
"660",8,"Delaware State Education Association"
"661",567,"Illinois Federation of Teachers"
"662",2169,"The Illinois Opportunity Project"
"663",203,"North Carolina Association of Educators"
"664",2152,"New Yorkers for Better Libraries PAC"
"665",2545,"New York State United Teachers"
"666",2038,"United Federation of Teachers"
"667",951,"Commonwealth Foundation"
"668",1942,"Christian Home Educators Stark County Association"
"669",1947,"Ohio Education Association"
"670",213,"National Education Association - Alaska"
"671",614,"American Association of University Women of California"
"672",127,"California Faculty Association"
"673",1923,"California Federation of Teachers"
"674",1537,"California School Employees Association"
"675",2065,"California State University"
"676",2268,"California Teachers Association"
"677",477,"Colorado PTA"
"678",444,"Kansas Association of School Boards"
"679",677,"Kansas National Education Association"
"680",279,"Arizona Disability Advocacy Coalition"
"681",123,"Arizona Education Association"
"682",777,"Oregon Education Association"
"683",2053,"Oregon School Employees Association"
"684",2497,"North Dakota United"
"685",1408,"South Carolina Association of School Administrators"
"686",317,"South Carolina Education Association"
"687",2281,"Texas Parent PAC"
"688",943,"Texas State Teachers Association"
"689",2408,"Alpine Education Association"
"690",574,"Parents for Choice in Education"
"691",1802,"Utah Association of Public Charter Schools"
"692",1134,"Utah Education Association"
"693",2044,"West Virginia Education Association"
"694",724,"Wyoming Education Association"
"695",339,"Wisconsin Association of School Boards"
"696",81,"Wisconsin National Education Association"
"697",556,"Nebraska State Education Association"
"698",987,"Washington Education Association"
"699",1131,"Washington State Parent Teacher Association"
"700",969,"Maine Education Association"
"701",813,"CeaseFire MD"
"702",1132,"Maryland PTA"
"703",14,"Maryland State Education Association - NEA"
"704",414,"American Federation of Teachers New Mexico"
"705",1523,"New Mexico Federation of Educational Employees"
"706",2017,"Nevada Policy Research Institute (NPRI)"
"707",460,"Nevada State Education Association"
"708",1905,"American Federation of Teachers Massachusetts"
"709",1572,"Massachusetts Teachers Association"
"710",385,"Vermont National Education Association"
"711",2591,"CASA in Action"
"712",1632,"Virginia Education Association"
"713",2580,"American Federation of Teachers New Jersey, AFL-CIO"
"714",584,"Mississippi Association of Educators"
"715",895,"Louisiana Association of Educators"
"716",2474,"Louisiana Federation of Teachers & School Employees"
"717",991,"American Benefits Council"
"718",143,"Business and Professional Women USA"
"719",1856,"Center for Worker Freedom (formerly known as Alliance for Worker Freedom)"
"720",1343,"Federally Employed Women"
"721",447,"National Active and Retired Federal Employees Association"
"722",1813,"National Employment Lawyers Association"
"723",2560,"Our Revolution"
"724",1860,"Women Employed"
"725",2479,"Working Families"
"726",40,"Workplace Fairness"
"727",2240,"Asian American Action Fund of Greater Chicago"
"728",2257,"State Employees Association of North Carolina"
"729",1979,"Professional Engineers in California Government"
"730",2367,"Stonewall Democrats of Arizona"
"731",2067,"Racial Equity Report Working Group"
"732",860,"Texas Public Employees Association"
"733",2422,"Tennessee State Employees Association"
"734",2047,"International Brotherhood of Teamsters Local 175"
"735",2045,"West Virginia Federation of Teachers"
"736",946,"Wyoming AFL-CIO"
"737",454,"Wisconsin AFL-CIO"
"738",1733,"Society for Professional Employees in Aerospace"
"739",722,"Washington Public Employees Association"
"740",1902,"Virginia Police Benevolent Association, Inc."
"741",2526,"American Energy Alliance"
"742",1702,"American Wind Energy Association"
"743",2556,"Citizens for Responsible Energy Solutions"
"744",2540,"ClearPath Action Fund"
"745",1867,"Consumer Alliance for Energy Security"
"746",2488,"NRDC Action Fund"
"747",7,"Nuclear Age Peace Foundation"
"748",2450,"Solar Tribune"
"749",1870,"Southern Alliance for Clean Energy Action Fund"
"750",2334,"United Mine Workers of America"
"751",2147,"The Connecticut Chapter of The Sierra Club"
"752",934,"American Lands Alliance"
"753",988,"Californians for Population Stabilization"
"754",329,"Citizens for Global Solutions"
"755",1938,"Clean Water Action"
"756",2513,"Climate Hawks Vote"
"757",77,"Competitive Enterprise Institute"
"758",664,"ConservAmerica"
"759",1826,"Environment America"
"760",2253,"Friends of the Earth Action"
"761",1012,"League of Conservation Voters"
"762",922,"National Parks Conservation Association"
"763",2563,"NextGen Climate"
"764",1716,"Partnership for America"
"765",2480,"Florida Conservation Voters"
"766",715,"Florida League of Conservation Voters"
"767",1296,"Clean Water Action Michigan"
"768",1730,"Environment Michigan"
"769",889,"Michigan League of Conservation Voters"
"770",1659,"The Mackinac - Sierra Club Michigan Chapter"
"771",144,"Missouri Votes Conservation"
"772",45,"Sierra Club, Ozark Chapter Political Committee"
"773",752,"Montana Conservation Voters"
"774",547,"Montana Environmental Information Center"
"775",1800,"Montanans for Multiple Use"
"776",1515,"Northern Plains Resource Council"
"777",1399,"Conservation Voters for Idaho"
"778",1248,"Idaho Water Users Association"
"779",1304,"Georgia Conservation Voters"
"780",2219,"Georgia Sierra Club"
"781",1072,"Sierra Club of Georgia"
"782",66,"Sierra Club Hawaii Chapter"
"783",493,"Hoosier Environmental Council"
"784",37,"Clean Water Action Alliance of Minnesota"
"785",328,"Conservation Minnesota"
"786",1045,"Minnesota Sierra Club-North Star"
"787",3,"Connecticut League of Conservation Voters"
"788",364,"Iowa Sierra Club"
"789",34,"Illinois Environmental Council"
"790",1827,"Illinois League of Conservation Voters"
"791",552,"Illinois Sierra Club"
"792",1175,"Environment North Carolina"
"793",286,"North Carolina League of Conservation Voters"
"794",936,"EPL-Environmental Advocates"
"795",823,"New York League of Conservation Voters"
"796",1981,"Conservation Voters of Pennsylvania"
"797",31,"PennEnvironment"
"798",1438,"Pennsylvania League of Conservation Voters"
"799",761,"Sierra Club PA"
"800",1310,"Ohio Citizen Action"
"801",2554,"Ohio Environmental Council Action Fund"
"802",191,"Ohio League of Conservation Voters"
"803",1414,"Ohio Sierra Club"
"804",1069,"Alaska Conservation Voters"
"805",1162,"Alaska Outdoor Council PAC"
"806",2095,"Alaska Support Industry Alliance"
"807",2096,"Resource Development Council for Alaska"
"808",293,"Arkansas Sierra Club"
"809",2527,"California Environmental Justice Alliance"
"810",495,"California League of Conservation Voters"
"811",1989,"Clean Water Action California"
"812",1698,"Environment California"
"813",509,"Sierra Club California"
"814",979,"Colorado Conservation Voters"
"815",2309,"Conservation Colorado"
"816",71,"League of Conservation Voters Rocky Mountain Office"
"817",803,"Sierra Club, Rocky Mountain Chapter"
"818",1851,"Kansas Natural Resource Council"
"819",284,"Sierra Club, Kansas Chapter"
"820",749,"1000 Friends Action Fund"
"821",562,"Oregon League of Conservation Voters (OLCV)"
"822",227,"Oregon Sierra Club"
"823",1609,"Dakota Resource Council"
"824",2364,"The Sierra Club, Rhode Island Chapter"
"825",242,"Conservation Voters of South Carolina"
"826",491,"South Carolina Sierra Club"
"827",1739,"Environment Texas"
"828",535,"Greater Edwards Aquifer Alliance"
"829",1547,"Sierra Club-Lone Star Chapter"
"830",1854,"Texas Campaign for the Environment"
"831",355,"Texas League of Conservation Voters"
"832",806,"Tennessee Conservation Voters"
"833",1018,"Utah Sierra Club"
"834",787,"West Virginia Sierra Club"
"835",260,"Wyoming Conservation Voters"
"836",1229,"Wyoming Outdoor Council"
"837",464,"Clean Wisconsin Action Fund"
"838",719,"Sierra Club - John Muir Chapter"
"839",189,"Wisconsin League of Conservation Voters"
"840",348,"Oklahoma Sierra Club"
"841",2011,"Nebraska League of Conservation Voters"
"842",610,"Nebraska Sierra Club"
"843",597,"Washington Conservation Voters"
"844",1280,"Washington Sierra Club"
"845",2156,"Conservation New Hampshire"
"846",333,"New Hampshire Citizens Alliance"
"847",2366,"New Hampshire Sierra Club"
"848",655,"Environment Maine"
"849",954,"Maine League of Conservation Voters"
"850",168,"Natural Resources Council of Maine"
"851",1173,"Environment Maryland"
"852",706,"Maryland League of Conservation Voters"
"853",1729,"Sierra Club Maryland Chapter"
"854",281,"Conservation Voters New Mexico"
"855",1825,"Environment New Mexico"
"856",1377,"Sierra Club-Rio Grande Chapter"
"857",236,"Nevada Conservation League Education Fund"
"858",2569,"Environmental League of Massachusetts Action Fund"
"859",1246,"Massachusetts Audubon Society (Legislative Affairs)"
"860",1678,"Massachusetts League of Enviromental Voters"
"861",1588,"Massachusetts Sierra Club"
"862",263,"Vermont League of Conservation Voters"
"863",65,"Vermont Public Interest Research Group"
"864",2355,"Vermont Sierra Club"
"865",2369,"The Cumberland Chapter of the Sierra Club"
"866",1550,"Virginia League of Conservation Voters"
"867",162,"Virginia Sierra Club"
"868",1886,"Clean Water Action"
"869",1869,"Environment New Jersey"
"870",1878,"New Jersey Chapter Sierra Club"
"871",2090,"New Jersey League of Conservation Voters"
"872",2424,"GreenArmy"
"873",391,"Louisiana Environmental Action Network"
"874",253,"National Association of Counties"
"875",1940,"Michigan Townships Association"
"876",1835,"ACT! for America"
"877",171,"American Foreign Service Association"
"878",199,"American Muslims for Jerusalem"
"879",1420,"Armenian National Committee of America"
"880",2125,"Christian and Jews United for Israel"
"881",1364,"Council on American-Islamic Relations"
"882",1962,"J Street"
"883",2221,"J Street PAC"
"884",1065,"Latin America Working Group"
"885",2103,"National Foreign Trade Council"
"886",1931,"NewPolicy.org"
"887",2542,"Organization of Iranian-Communities-US"
"888",1110,"Peace Action"
"889",1876,"Resolve Uganda"
"890",970,"USA Engage"
"891",125,"US Campaign for Palestinian Rights"
"892",990,"Washington Report on Middle East Affairs (WRMEA)"
"893",2445,"Democrats for Israel Los Angeles"
"894",2233,"Massachusetts Peace Action"
"895",1849,"The Poker Players Alliance"
"896",13,"Council for Citizens Against Government Waste"
"897",1658,"FreedomWorks"
"898",2332,"Jewish Women International"
"899",2349,"Republican Main Street Partnership"
"900",2340,"Right Now Women PAC"
"901",2566,"The Lugar Center"
"902",2339,"Women Under Forty Political Action Committee"
"903",1398,"Legislative Evaluation Assembly of Minnesota, Inc."
"904",163,"Taxpayers League of Minnesota"
"905",2068,"Illinois Policy Institute"
"906",2410,"North Carolina Republican Party"
"907",826,"Ohio Public Interest Research Group"
"908",2148,"Advance Arkansas Institute"
"909",106,"Arkansas Citizens First Congress"
"910",2327,"Kansas Policy Insitute"
"911",2324,"Mainstream Coalition"
"912",2104,"Texans Uniting for Reform and Freedom"
"913",390,"The Texas Observer"
"914",295,"Accountability Utah"
"915",275,"Utah Taxpayers Association"
"916",1510,"Municipal League of King County"
"917",575,"The Freedom Foundation"
"918",1639,"Common Cause of Maryland"
"919",29,"Maryland Accountability Project"
"920",115,"Maryland Public Interest Research Group"
"921",1635,"New Mexico Public Interest Research Group"
"922",1593,"Common Cause Massachusetts"
"923",1330,"MASSPIRG"
"924",197,"Kentucky Center for Public Issues"
"925",824,"Virginia21"
"926",1512,"New Jersey Public Interest Research Group"
"927",2561,"Americans for Responsible Solutions"
"928",2345,"Americans for the Protection of Children"
"929",122,"Brady Campaign to Prevent Gun Violence"
"930",1620,"Coalition to Stop Gun Violence"
"931",2484,"Everytown for Gun Safety"
"932",1226,"Gun Owners of America"
"933",2485,"Moms Demand Action for Gun Sense"
"934",1034,"National Rifle Association"
"935",2503,"Newton Action Alliance"
"936",2551,"Pride Fund to End Gun Violence"
"937",694,"Florida Gun Owners of America"
"938",1225,"National Rifle Association Political Victory Fund"
"939",975,"Michigan Coalition for Responsible Gun Owners"
"940",327,"Michigan Gun Owners of America"
"941",1130,"National Rifle Association Political Victory Fund"
"942",1259,"Shooters' Alliance for Firearms Rights PAC"
"943",1078,"Missourians Against Handgun Violence"
"944",110,"Missouri Gun Owners of America"
"945",714,"National Rifle Association Political Victory Fund"
"946",223,"Montana Gun Owners of America"
"947",1431,"Montana Shooting Sports Association"
"948",648,"National Rifle Association Political Victory Fund"
"949",1291,"Idaho Gun Owners of America"
"950",251,"National Rifle Association Political Victory Fund"
"951",1032,"Georgia Gun Owners of America"
"952",980,"Georgia Sports Shooting Association"
"953",573,"National Rifle Association Political Victory Fund"
"954",435,"Hawaii Rifle Association"
"955",1836,"National Rifle Association Political Victory Fund"
"956",442,"Indiana Gun Owners of America"
"957",816,"National Rifle Association Political Victory Fund"
"958",788,"Gun Owners of America - Minnesota"
"959",85,"Minnesota Concealed Carry Reform, Now! (CCRN!)"
"960",235,"National Rifle Association Political Victory Fund"
"961",17,"Connecticut Gun Owners of America"
"962",838,"National Rifle Association Political Victory Fund"
"963",997,"Delaware Gun Owners of America"
"964",596,"Delaware State Sportmen's Association"
"965",1113,"National Rifle Association Political Victory Fund"
"966",557,"Iowa Gun Owners of America"
"967",1324,"National Rifle Association Political Victory Fund"
"968",314,"Illinois Citizens Against Handgun Violence"
"969",1430,"Illinois Gun Owners of America"
"970",9,"Illinois State Rifle Association"
"971",405,"Grass Roots North Carolina"
"972",551,"National Rifle Association Institute for Legislative Action"
"973",1103,"National Rifle Association Political Victory Fund"
"974",874,"North Carolina Gun Owners of America"
"975",1650,"North Carolinians Against Gun Violence"
"976",738,"National Rifle Association Political Victory Fund"
"977",1545,"New Yorkers Against Gun Violence"
"978",1118,"New York Gun Owners of America"
"979",500,"New York Shooters Committee on Political Education"
"980",669,"New York State Rifle and Pistol Association"
"981",2447,"CeaseFirePA"
"982",1236,"Firearms Owners Against Crime"
"983",1564,"National Rifle Association Political Victory Fund"
"984",973,"Pennsylvania Gun Owners of America"
"985",1943,"Buckeye Firearms Association"
"986",249,"National Rifle Association Political Victory Fund"
"987",483,"Ohio Gun Owners of America"
"988",700,"Alaska Gun Owners of America"
"989",1464,"National Rifle Association Political Victory Fund"
"990",2207,"Arkansas Carry"
"991",48,"Arkansas Gun Owners of America"
"992",836,"Arkansas Rifle and Pistol Association"
"993",298,"National Rifle Association Political Victory Fund"
"994",194,"California Chapters of the Brady Campaign to Prevent Gun Violence"
"995",124,"Gun Owners of California"
"996",1289,"Jack Berman Advocacy Center"
"997",520,"National Rifle Association Political Victory Fund"
"998",1153,"Colorado Gun Owners of America"
"999",175,"Firearms Coalition of Colorado"
"1000",1135,"National Rifle Association Political Victory Fund"
"1001",1281,"Pikes Peak Firearms Coalition"
"1002",578,"Rocky Mountain Gun Owners"
"1003",524,"Kansas Gun Owners of America"
"1004",924,"National Rifle Association Political Victory Fund"
"1005",2356,"Arizona Citizens Defense League PAC"
"1006",1641,"Arizona Gun Owners of America"
"1007",713,"Arizona State Rifle and Pistol Association"
"1008",1085,"Helping Arizona Limit Tragedy (HALT)"
"1009",1597,"National Rifle Association Political Victory Fund"
"1010",645,"Ceasefire Oregon"
"1011",232,"National Rifle Association Political Victory Fund"
"1012",2266,"Oregon Firearms Federation"
"1013",854,"Oregon Gun Owners"
"1014",334,"Oregon Gun Owners of America"
"1015",701,"Alabama Gun Owners of America"
"1016",1557,"National Rifle Association Political Victory Fund"
"1017",99,"National Rifle Association Political Victory Fund"
"1018",1579,"North Dakota Gun Owners of America"
"1019",1521,"National Rifle Association Political Victory Fund"
"1020",1186,"Rhode Island Gun Owners of America"
"1021",581,"National Rifle Association Political Victory Fund"
"1022",264,"South Carolina Gun Owners of America"
"1023",580,"National Rifle Association Political Victory Fund"
"1024",42,"South Dakota Gun Owners of America"
"1025",1251,"South Dakota Shooting Sports Association"
"1026",1257,"National Rifle Association Political Victory Fund"
"1027",70,"Peaceable Texans for Firearms Rights"
"1028",1068,"Texas Gun Owners of America"
"1029",315,"Texas State Rifle Association"
"1030",4,"National Rifle Association Political Victory Fund"
"1031",103,"Tennessee Firearms Association"
"1032",972,"Tennessee Gun Owners of America"
"1033",851,"National Rifle Association Political Victory Fund"
"1034",625,"Utah Gun Owners Alliance"
"1035",139,"Utah Gun Owners of America"
"1036",1217,"Utah Shooting Sports Council"
"1037",488,"National Rifle Association Political Victory Fund"
"1038",2370,"West Virginia Citizen's Defense League"
"1039",825,"West Virginia Gun Owners of America"
"1040",137,"National Rifle Association Political Victory Fund"
"1041",698,"Wyoming Gun Owners of America"
"1042",446,"National Rifle Association Political Victory Fund"
"1043",352,"Wisconsin Gun Owners of America"
"1044",95,"National Rifle Association Political Victory Fund"
"1045",1349,"Oklahoma Gun Owners of America"
"1046",2389,"Oklahoma Second Amendment Association"
"1047",1429,"National Rifle Association Political Victory Fund"
"1048",2250,"Nebraska Firearms Owners Association Political Action Fund"
"1049",1006,"Nebraska Gun Owners of America"
"1050",623,"National Rifle Association Political Victory Fund"
"1051",666,"Washington Gun Owners of America"
"1052",598,"Washington State Rifle and Pistol Association"
"1053",1623,"Gun Owners of New Hampshire, Inc."
"1054",1129,"National Rifle Association Political Victory Fund"
"1055",2363,"New Hampshire Firearms Coalition"
"1056",248,"Maine Citizens Against Handgun Violence"
"1057",999,"Maine Gun Owners of America"
"1058",885,"National Rifle Association Political Victory Fund"
"1059",890,"Sportsman's Alliance of Maine"
"1060",1174,"Maryland Gun Owners of America"
"1061",832,"Maryland State Rifle and Pistol Association"
"1062",1496,"National Rifle Association Political Victory Fund"
"1063",1139,"National Rifle Association Political Victory Fund"
"1064",1455,"New Mexico Gun Owners of America"
"1065",445,"National Rifle Association Political Victory Fund"
"1066",1180,"Nevada Gun Owners of America"
"1067",46,"Gun Owners' Action League"
"1068",166,"Massachusetts Gun Owners of America"
"1069",126,"National Rifle Association Political Victory Fund"
"1070",2348,"Gun Owners of Vermont"
"1071",105,"National Rifle Association Political Victory Fund"
"1072",212,"Vermont Gun Owners of America"
"1073",1241,"Kentucky Gun Owners of America"
"1074",1551,"National Rifle Association Political Victory Fund"
"1075",219,"National Rifle Association Political Victory Fund"
"1076",619,"Virginia Citizens Defense League"
"1077",658,"Virginia Gun Owners of America"
"1078",1897,"Virginia Shooting Sports Association"
"1079",397,"Association of New Jersey Rifle & Pistol Clubs"
"1080",756,"National Rifle Association Political Victory Fund"
"1081",1469,"National Rifle Association Political Victory Fund"
"1082",1617,"National Rifle Association Political Victory Fund"
"1083",1714,"Academy of General Dentistry"
"1084",1932,"AIDS Drug Assistance Program (ADAP) Advocacy Association"
"1085",1380,"AIDS United"
"1086",1777,"Alliance For Headache Disorders Advocacy"
"1087",2028,"Alzheimer's Impact Movement"
"1088",1117,"American Academy of Emergency Medicine"
"1089",1778,"American Academy of Family Physicians"
"1090",373,"American College of Emergency Physicians"
"1091",38,"American Congress of Obstetricians and Gynecologists"
"1092",1922,"American Hospital Association"
"1093",1500,"American Medical Association PAC"
"1094",1737,"American Nurses Association"
"1095",884,"American Public Health Association"
"1096",1831,"American Society for Radiation Oncology"
"1097",762,"American Society of Anesthesiologists"
"1098",1793,"Association of University Centers on Disabilities"
"1099",292,"Citizens for Health"
"1100",1247,"Citizens for Health - Whole Person Health Rating"
"1101",1812,"Depression and Bipolar Support Alliance"
"1102",424,"Global AIDS Alliance"
"1103",309,"National Association of Social Workers"
"1104",401,"National Breast Cancer Coalition"
"1105",2335,"National Nurses United"
"1106",1693,"National Rural Health Association"
"1107",517,"Parkinsons Action Network"
"1108",1275,"Protect Patients Now!"
"1109",1552,"Smokefree Action"
"1110",1713,"St. Joseph Health System"
"1111",1738,"The American College of Physicians"
"1112",1858,"The American Counseling Association"
"1113",1843,"The American Geriatrics Society"
"1114",1791,"The Children's Health Fund"
"1115",799,"The Leukemia & Lymphoma Society"
"1116",2001,"Florida Health Care Association (FHCA)"
"1117",2153,"Florida Medical Association Political Action Committee"
"1118",47,"Florida Medical Political Action Committee"
"1119",2111,"Area Agency on Aging 1-B"
"1120",2110,"American Cancer Society Cancer Action Network - Georgia"
"1121",2005,"Minnesota Nurses Association"
"1122",2548,"Illinois Parents of Adults with Developmental Disabilities"
"1123",183,"Pennsylvania State Nurses Association"
"1124",358,"Ohio Nurses Association"
"1125",1949,"Ohio State Medical Association"
"1126",86,"AIDS Project Los Angeles"
"1127",2034,"American Cancer Society California Division, Inc."
"1128",2491,"National Union of Healthcare Workers"
"1129",994,"San Francisco AIDS Foundation"
"1130",2186,"Service Employees International Union (SEIU) California"
"1131",1997,"United Nurses Associations of California / Union of Health Care Professionals"
"1132",2213,"Colorado Medical Society"
"1133",2520,"Mental Health Colorado"
"1134",1994,"Arizona Hospital and Healthcare Association"
"1135",1252,"Arizona Nurses Association"
"1136",2052,"Oregon Nurses Association"
"1137",468,"Texas Hospital Association Political Action Committee"
"1138",481,"Texas Medical Association"
"1139",538,"Texas Public Interest Research Group"
"1140",1253,"Wisconsin Medical Society"
"1141",2072,"Voices for Children in Nebraska"
"1142",53,"Washington State Nurses Association"
"1143",2013,"American Cancer Society Cancer Action Network"
"1144",321,"Smoke Free Maryland Coalition"
"1145",1907,"Massachusetts Nurses Association"
"1146",1887,"Health Professionals and Allied Employees"
"1147",1891,"National Association of Social Workers - New Jersey Chapter"
"1148",1191,"New Jersey Public Health Association"
"1149",2190,"New Jersey State Nurses Association"
"1150",1522,"Louisiana Hospital Association"
"1151",916,"American Land Rights Association (formerly League of Private Property Voters)"
"1152",367,"Leading Age"
"1153",2297,"National Association of Realtors"
"1154",862,"National Housing Institute"
"1155",2543,"Florida Realtors PAC"
"1156",2007,"United Property Owners of Montana"
"1157",157,"Housing Action Illinois"
"1158",1801,"North Carolina Housing Coalition"
"1159",2063,"California Alliance to Protect Private Property Rights"
"1160",1094,"Housing California"
"1161",2280,"Texas Association of Realtors"
"1162",1542,"American Immigration Lawyers Association"
"1163",1382,"Americans for Immigration Control"
"1164",1950,"Americans for Legal Immigration"
"1165",2344,"America's Voice"
"1166",74,"English First"
"1167",300,"Federation for American Immigration Reform"
"1168",330,"National Hispanic Leadership Agenda"
"1169",2402,"National Iranian American Council"
"1170",1934,"National Latino Congreso/William C. Velásquez Institute"
"1171",1985,"NumbersUSA"
"1172",2121,"ProEnglish"
"1173",1958,"Team America"
"1174",1855,"The Public Affairs Alliance of Iranian Americans"
"1175",544,"United States Border Control"
"1176",1783,"United States English"
"1177",1270,"California Immigrant Policy Center"
"1178",376,"Oregonians for Immigration Reform"
"1179",2085,"Immigration Reform Coalition of Texas"
"1180",1996,"Utahns For Immigration Reform and Enforcement"
"1181",2293,"Voces de la Frontera"
"1182",1889,"Latino Leadership Alliance of New Jersey"
"1183",2496,"CAPA21"
"1184",1598,"American Federation of Government Employees"
"1185",1161,"American Federation of Labor and Congress of Industrial Organizations (AFL-CIO)"
"1186",1254,"American Federation of State, County & Municipal Employees (AFSCME)"
"1187",858,"American Postal Workers Union"
"1188",1558,"American Road & Transportation Builders Association"
"1189",1347,"Bakery, Confectionery, Tobacco Workers and Grain Millers"
"1190",2454,"Change to Win"
"1191",83,"Communications Workers of America"
"1192",2475,"International Association of Bridge, Structural, Ornamental and Reinforcing Iron Workers Union"
"1193",735,"International Association of Machinists and Aerospace Workers"
"1194",374,"International Brotherhood of Boilermakers"
"1195",1074,"International Brotherhood of Electrical Workers"
"1196",1002,"International Brotherhood of Teamsters"
"1197",2476,"Laborers' International Union of North America"
"1198",2559,"National Association of Home Builders"
"1199",746,"National Federation of Federal Employees"
"1200",2495,"National Treasury Employees Union"
"1201",2483,"New England Police Benevolent Association"
"1202",2478,"North America's Building Trades Unions"
"1203",149,"Service Employees International Union (SEIU)"
"1204",847,"Transportation Communications Union"
"1205",1268,"United Auto Workers"
"1206",1660,"United Electrical Radio and Machine Workers"
"1207",463,"United Food & Commercial Workers"
"1208",2343,"United Food & Commercial Workers Local 400"
"1209",2058,"United Steelworkers"
"1210",2534,"UNITE HERE"
"1211",1765,"Utility Workers Union of America"
"1212",2319,"Workplace Choice"
"1213",2578,"American Federation of State County and Municipal Employees (AFSCME) Florida"
"1214",69,"Florida AFL-CIO"
"1215",2579,"Service Employees International Union (SEIU) Florida"
"1216",429,"Michigan AFL-CIO"
"1217",151,"Missouri AFL-CIO"
"1218",1160,"Montana AFL-CIO"
"1219",522,"Montana Progressive Labor Caucus"
"1220",1203,"Montana Public Employees Association"
"1221",2576,"Montana State Council of Professional Fire Fighters"
"1222",882,"Teamsters Local 190"
"1223",2499,"Teamsters Local 2"
"1224",2386,"Idaho AFL-CIO"
"1225",1098,"Georgia AFL-CIO"
"1226",2222,"Hawaii Government Employees Association"
"1227",1208,"Hawaii State AFL-CIO"
"1228",1062,"Indiana AFL-CIO"
"1229",1463,"AFSCME Council 5"
"1230",426,"AFSCME Joint Councils 6, 14, 65, & 96, AFL-CIO"
"1231",1235,"Minnesota AFL-CIO"
"1232",548,"Minnesota Association of Professional Employees"
"1233",1756,"SEIU Minnesota State Council"
"1234",931,"Connecticut AFL-CIO"
"1235",2214,"Delaware AFL-CIO"
"1236",660,"Iowa Federation of Labor, AFL-CIO"
"1237",467,"Illinois AFL-CIO"
"1238",1986,"Illinois Manufacturers' Association"
"1239",1712,"Technology & Manufacturing Association"
"1240",2256,"North Carolina State AFL-CIO"
"1241",780,"New York AFL-CIO"
"1242",399,"New York State Public Employees Federation"
"1243",1961,"Professional Staff Congress City University of New York (PSC-CUNY)"
"1244",2039,"Service Employees International Union Local 32BJ"
"1245",2019,"Constructors Association of Western Pennsylvania"
"1246",2270,"PA Conference of Teamsters"
"1247",1104,"Pennsylvania AFL-CIO"
"1248",2519,"Pennsylvania Professional Firefighters Association"
"1249",2328,"Service Employees International Union (SEIU) PA Chapter"
"1250",2572,"The Northeast Regional Council of Carpenters"
"1251",617,"Ohio AFL-CIO"
"1252",1735,"Ohio Federation of Teachers"
"1253",2375,"Alaska AFL-CIO"
"1254",1388,"Alaska Public Employees Association-Alaska Federation of Teachers"
"1255",274,"American Family Association of Arkansas"
"1256",1140,"Arkansas AFL-CIO"
"1257",1594,"California Labor Federation"
"1258",184,"California Nurses Association"
"1259",2582,"California State University Employees Union"
"1260",1415,"Colorado AFL-CIO"
"1261",413,"American Federation of Teachers - Kansas"
"1262",1969,"Kansas AFL-CIO"
"1263",768,"Arizona State AFL-CIO"
"1264",394,"American Federation of Teachers-Oregon"
"1265",1575,"Oregon AFL-CIO"
"1266",2054,"Oregon AFSCME Council 75"
"1267",1444,"SEIU Local 503, Oregon Public Employees Union"
"1268",1968,"Alabama AFL-CIO"
"1269",1454,"Alabama State Employees Association"
"1270",2588,"Home Builders of Association of Alabama"
"1271",507,"North Dakota AFL-CIO"
"1272",18,"North Dakota Public Employees Association"
"1273",458,"National Association of Social Workers-Rhode Island"
"1274",650,"Rhode Island AFL-CIO"
"1275",2426,"South Carolina AFL-CIO"
"1276",152,"Texas AFL-CIO"
"1277",1041,"Tennessee AFL-CIO"
"1278",111,"West Virginia AFL-CIO"
"1279",2046,"West Virginia State Building and Construction Trades Council"
"1280",2570,"Madison Teachers Inc."
"1281",1993,"SEIU Wisconsin"
"1282",1300,"Wisconsin Professional Police Association"
"1283",2394,"Oklahoma AFL-CIO"
"1284",665,"Nebraska AFL-CIO"
"1285",1457,"Washington State Labor Council, AFL-CIO"
"1286",2400,"New Hampshire AFL-CIO"
"1287",2477,"State Employees Association of New Hampshire/SEIU Local 1984"
"1288",1274,"Maine AFL-CIO"
"1289",2135,"Maine State Employees Association"
"1290",1952,"Amalgamated Transit Union Local 689"
"1291",423,"Maryland State and Washington, DC AFL-CIO"
"1292",797,"New Mexico Federation of Labor (AFL-CIO)"
"1293",456,"Massachusetts AFL-CIO"
"1294",1908,"Professional Fire Fighters of Massachusetts"
"1295",681,"Vermont Livable Wage Campaign"
"1296",1583,"Vermont State Employees' Association"
"1297",1428,"Vermont State Labor Council, AFL-CIO"
"1298",982,"Kentucky AFL-CIO"
"1299",927,"Virginia AFL-CIO"
"1300",1894,"Virginia Professional Fire Fighters"
"1301",1603,"New Jersey AFL-CIO"
"1302",2191,"New Jersey Building and Construction Trades Council, AFL-CIO"
"1303",2380,"Greater New Orleans AFL-CIO"
"1304",642,"Louisiana AFL-CIO"
"1305",1956,"Iraq Veterans for Congress"
"1306",240,"National Committee for an Effective Congress"
"1307",1895,"Republican Liberty Caucus of Virginia"
"1308",1497,"American Family Association"
"1309",1114,"American Family Voices"
"1310",1467,"Christian Coalition of America"
"1311",1513,"Eagle Forum"
"1312",718,"Family Research Council"
"1313",2231,"FRC Action"
"1314",182,"National Parent Teacher Association"
"1315",2117,"Christian Family Coalition"
"1316",2539,"Florida Family Action"
"1317",782,"Missouri Family Network"
"1318",945,"Montana Family Foundation"
"1319",1439,"Children's Defense Fund Minnesota"
"1320",16,"Minnesota Family Council-Minnesota Family Institute"
"1321",214,"Family Institute of Connecticut Action"
"1322",1965,"Delaware Family Policy Council"
"1323",1750,"The Family Leader"
"1324",2228,"Illinois Citizens for Ethics"
"1325",2098,"Alaska Family Action (formerly Alaska Family Council)"
"1326",1852,"Capitol Resource Institute"
"1327",2123,"Save California"
"1328",2265,"The Mother PAC"
"1329",369,"Eagle Forum of Alabama"
"1330",2009,"Children's Defense Fund - North Dakota"
"1331",2069,"North Dakota Family Alliance Action"
"1332",2107,"Palmetto Family Alliance"
"1333",2506,"Texas Values Action"
"1334",1240,"Utah Kids Coalition"
"1335",974,"Voices for Utah Children"
"1336",1548,"West Virginia Family Foundation"
"1337",174,"Prevent Child Abuse Wyoming"
"1338",1767,"Wisconsin Family Action"
"1339",1749,"Children's Alliance"
"1340",469,"Children's Campaign Fund"
"1341",1861,"Cornerstone Policy Research"
"1342",1362,"Association of Maryland Families"
"1343",767,"Maryland Family Values Alliance"
"1344",396,"Progressive Maryland"
"1345",303,"Take It To The People"
"1346",550,"The Family Foundation of Virginia"
"1347",809,"Virginia Christian Coalition"
"1348",336,"Louisiana Family Forum"
"1349",1699,"Fleet Reserve Association"
"1350",192,"Military Officers Association of America"
"1351",1148,"Non Commissioned Officers Association"
"1352",392,"The Retired Enlisted Association"
"1353",1909,"Veterans and Military Families for Progress"
"1354",2509,"VoteVets.org"
"1355",1628,"Palmetto State Scorecard PAC"
"1356",2603,"314 Action"
"1357",828,"American Institute of Aeronautics and Astronautics"
"1358",651,"Federation of American Societies for Experimental Biology"
"1359",2451,"The Evolution Institute"
"1360",859,"BIOCOM"
"1361",282,"60 Plus Association"
"1362",959,"Alliance for Retired Americans"
"1363",1944,"Huck PAC"
"1364",271,"National Committee to Preserve Social Security and Medicare"
"1365",1466,"National Council of Senior Citizens"
"1366",591,"Retire Safe"
"1367",850,"United Seniors Association"
"1368",141,"California Alliance for Retired Americans"
"1369",1326,"Congress of California Seniors"
"1370",753,"AARP of Colorado"
"1371",1214,"Colorado Gerontological Society"
"1372",1026,"Colorado Senior Lobby"
"1373",2051,"Oregon State Council for Retired Citizens"
"1374",829,"Oklahoma Aging Partnership"
"1375",1971,"Gay & Lesbian Political Victory Fund"
"1376",1977,"GOProud"
"1377",2338,"Log Cabin Republicans"
"1378",2493,"LPAC"
"1379",2574,"National Gay & Lesbian Chamber of Commerce"
"1380",2059,"National Organization for Marriage"
"1381",639,"National Youth Advocacy Coalition"
"1382",2558,"Trans United Fund"
"1383",2353,"Equality Florida"
"1384",2518,"Gertrude Stein Club"
"1385",2362,"Barbara Gittings Delaware Stonewall Democrats"
"1386",506,"Equality North Carolina PAC"
"1387",2269,"Our Approach - Equality Pennsylvania"
"1388",961,"Cleveland Stonewall Democrats"
"1389",2261,"Equality Ohio"
"1390",1303,"Stonewall Democrats of Central Ohio"
"1391",1285,"Equality California"
"1392",354,"Right to Pride"
"1393",1489,"Equality North Dakota"
"1394",2277,"Equality South Dakota"
"1395",2310,"Equality Texas"
"1396",2299,"Texas Equity PAC"
"1397",2295,"Mass Equality"
"1398",1918,"CNET News"
"1399",1717,"Computer & Communications Industry Association"
"1400",1155,"Information Technology Industry Council"
"1401",2126,"Social Media Today"
"1402",2159,"TechCrunch/CrunchGov"
"1403",443,"The Riverfront Times"
"1404",2434,"Pittsburgh Post-Gazette"
"1405",1850,"Massachusetts High Technology Council"
"1406",1896,"Northern Virginia Technology Council"
"1407",1937,"Emergency Committee for American Trade"
"1408",2341,"Air Line Pilots Association, International"
"1409",1570,"Florida Transportation Builders' Association"
"1410",165,"Minnesota Trucking Association"
"1411",2533,"A Brotherhood Aimed Toward Education; A.B.A.T.E. of Illinois"
"1412",186,"Automotive Parts and Service Association of Illinois"
"1413",2501,"California Bicycle Coalition"
"1414",1590,"BIKEPAC of Colorado"
"1415",2130,"Cascade Bicycle Club"
"1416",2089,"National Motorist Association, Maryland Chapter"
"1417",2535,"Stop Big Brother Maryland"
"1418",1776,"Nevada Trucking Association"
"1419",1978,"Massachusetts Motorcycle Association PAC"
"1420",1673,"Association of Community Organization for Reform Now (ACORN)"
"1421",926,"Bread for the World"
"1422",1744,"RESULTS"
"1423",1781,"Sargent Shriver National Center on Poverty Law"
"1424",1384,"Statewide Emergency Network for Social and Economic Security"
"1425",710,"The Partnership for the Homeless"
"1426",419,"Massachusetts Human Services Coalition"
"1427",1341,"Neighbor to Neighbor Massachusetts"
"1428",704,"Mississippi Human Services Coalition"
"1429",1456,"American Veterans"
"1430",1955,"Combat Veterans for Congress"
"1431",1336,"Disabled American Veterans"
"1432",1250,"Iraq and Afghanistan Veterans of America"
"1433",559,"The American Legion"
"1434",1976,"Vets for Freedom PAC"
"1435",908,"Vietnam Veterans of America"
"1436",1945,"Ohio Veterans United"
"1437",164,"American Association of University Women"
"1438",134,"Concerned Women for America"
"1439",2154,"Concerned Women PAC"
"1440",1906,"Feminist Majority Political Action Committee"
"1441",1930,"Maggie's List PAC"
"1442",671,"The Woman Activist"
"1443",319,"United States Women's Chamber of Commerce"
"1444",2243,"Voices of Conservative Women"
"1445",2336,"Young Women's Christian Association (YWCA)"
"1446",1157,"Florida NOW PAC-CCE"
"1447",1524,"Greater Kansas City Women's Political Caucus"
"1448",2323,"National Women's Political Caucus of Metro St. Louis"
"1449",1092,"Montana Women's Lobby"
"1450",930,"Minnesota National Organization for Women"
"1451",763,"Minnesota Women's Political Caucus"
"1452",2244,"VOICESPAC Minnesota"
"1453",1279,"Connecticut National Organization for Women"
"1454",1332,"Illinois Chapter of National Organization for Women"
"1455",181,"National Organization of Women - NYC"
"1456",1435,"Pennsylvania National Organization of Women"
"1457",2448,"Represent! PA"
"1458",250,"California National Organization for Women"
"1459",2210,"Women's Political Committee"
"1460",861,"Colorado Women's Agenda"
"1461",2206,"Arizona List"
"1462",1121,"Dads Against Discrimination (Fathers Online)"
"1463",1576,"Oregon NOW Equality PAC"
"1464",1879,"North Dakota Women's Network and the American Association of University Women - North Dakota"
"1465",1271,"Washington National Organization for Women"
"1466",140,"Washington Women's Political Caucus"
"1467",1584,"Washington Women United"
"1468",1315,"Massachusetts National Organization for Women"
"1469",1067,"Virginia National Organization for Women"
"1470",2284,"Women's Strike Force"
"1471",2194,"Women's Political Caucus of New Jersey"
"1472",2246,"VOICES Mississippi"
